{
  "content": {
    "_creators": null,
    "architecture": 64,
    "base_exec_prefix": "/nix/store/f98g7xbckgqbkagdvpzc2r6lv3h1p9ki-python3-3.11.9",
    "base_prefix": "/nix/store/f98g7xbckgqbkagdvpzc2r6lv3h1p9ki-python3-3.11.9",
    "distutils_install": {},
    "exec_prefix": "/nix/store/f98g7xbckgqbkagdvpzc2r6lv3h1p9ki-python3-3.11.9",
    "executable": "/nix/store/f98g7xbckgqbkagdvpzc2r6lv3h1p9ki-python3-3.11.9/bin/python3.11",
    "file_system_encoding": "utf-8",
    "has_venv": true,
    "implementation": "CPython",
    "max_size": 9223372036854775807,
    "original_executable": "/nix/store/f98g7xbckgqbkagdvpzc2r6lv3h1p9ki-python3-3.11.9/bin/python3.11",
    "os": "posix",
    "path": [
      "/nix/store/j4brfi96ms47xc4pissrnb75fd02jb6m-poetry-in-venv/env/lib/python3.11/site-packages/virtualenv/discovery",
      "/nix/store/v118v4fxlkr24l0cq9mmjdaqivkyzbv8-sitecustomize/lib/python/site-packages",
      "/nix/store/hpdgbzhmbnwjik91fnkvd93i5m77wck3-python3.11-pip-24.0/lib/python3.11/site-packages",
      "/nix/store/f98g7xbckgqbkagdvpzc2r6lv3h1p9ki-python3-3.11.9/lib/python311.zip",
      "/nix/store/f98g7xbckgqbkagdvpzc2r6lv3h1p9ki-python3-3.11.9/lib/python3.11",
      "/nix/store/f98g7xbckgqbkagdvpzc2r6lv3h1p9ki-python3-3.11.9/lib/python3.11/lib-dynload",
      "/home/runner/Arcade-Unit-discord-bot/.pythonlibs/lib/python3.11/site-packages",
      "/nix/store/f98g7xbckgqbkagdvpzc2r6lv3h1p9ki-python3-3.11.9/lib/python3.11/site-packages",
      "/home/runner/Arcade-Unit-discord-bot/.pythonlibs/lib/python3.11/site-packages",
      "/nix/store/nfh9h3fn73vz4zfmq0vxsyx6f4pcwabv-python3.11-setuptools-72.1.0/lib/python3.11/site-packages"
    ],
    "platform": "linux",
    "prefix": "/nix/store/f98g7xbckgqbkagdvpzc2r6lv3h1p9ki-python3-3.11.9",
    "real_prefix": null,
    "stdout_encoding": "utf-8",
    "sysconfig": {
      "makefile_filename": "/nix/store/f98g7xbckgqbkagdvpzc2r6lv3h1p9ki-python3-3.11.9/lib/python3.11/config-3.11-x86_64-linux-gnu/Makefile"
    },
    "sysconfig_paths": {
      "data": "{base}",
      "include": "{installed_base}/include/python{py_version_short}{abiflags}",
      "platlib": "{platbase}/{platlibdir}/python{py_version_short}/site-packages",
      "platstdlib": "{platbase}/{platlibdir}/python{py_version_short}",
      "purelib": "{base}/lib/python{py_version_short}/site-packages",
      "scripts": "{base}/bin",
      "stdlib": "{installed_base}/{platlibdir}/python{py_version_short}"
    },
    "sysconfig_scheme": "venv",
    "sysconfig_vars": {
      "PYTHONFRAMEWORK": "",
      "abiflags": "",
      "base": "/nix/store/f98g7xbckgqbkagdvpzc2r6lv3h1p9ki-python3-3.11.9",
      "installed_base": "/nix/store/f98g7xbckgqbkagdvpzc2r6lv3h1p9ki-python3-3.11.9",
      "platbase": "/nix/store/f98g7xbckgqbkagdvpzc2r6lv3h1p9ki-python3-3.11.9",
      "platlibdir": "lib",
      "py_version_short": "3.11"
    },
    "system_executable": "/nix/store/f98g7xbckgqbkagdvpzc2r6lv3h1p9ki-python3-3.11.9/bin/python3.11",
    "system_stdlib": "/nix/store/f98g7xbckgqbkagdvpzc2r6lv3h1p9ki-python3-3.11.9/lib/python3.11",
    "system_stdlib_platform": "/nix/store/f98g7xbckgqbkagdvpzc2r6lv3h1p9ki-python3-3.11.9/lib/python3.11",
    "version": "3.11.9 (main, Apr  2 2024, 08:25:04) [GCC 13.3.0]",
    "version_info": {
      "major": 3,
      "micro": 9,
      "minor": 11,
      "releaselevel": "final",
      "serial": 0
    },
    "version_nodot": "311"
  },
  "path": "/nix/store/f98g7xbckgqbkagdvpzc2r6lv3h1p9ki-python3-3.11.9/bin/python3.11",
  "st_mtime": 1.0
}